title	exercise_page_url	pdf_url	source_pdf_path	bytes
Exercise N1 in A	https://www.hanon-online.com/the-virtuoso-pianist-part-i/hanon-exercise-n-1/hanon-exercise-n-1-in-a/	https://www.hanon-online.com/app/download/2942460411/Exercise+N%C2%B01+in+A.pdf?t=1533426145	corpus/source-pdfs/hanon-exercise-01-a.pdf	1766103
Exercise N1 in Ab	https://www.hanon-online.com/the-virtuoso-pianist-part-i/hanon-exercise-n-1/hanon-exercise-n-1-in-ab/	https://www.hanon-online.com/app/download/2942459711/Exercise+N%C2%B01+in+Ab.pdf?t=1533426110	corpus/source-pdfs/hanon-exercise-01-ab.pdf	1778457
Exercise N1 in B	https://www.hanon-online.com/the-virtuoso-pianist-part-i/hanon-exercise-n-1/hanon-exercise-n-1-in-b/	https://www.hanon-online.com/app/download/2942461811/Exercise+N%C2%B01+in+B.pdf?t=1533426262	corpus/source-pdfs/hanon-exercise-01-b.pdf	1783072
Exercise N1 in Bb	https://www.hanon-online.com/the-virtuoso-pianist-part-i/hanon-exercise-n-1/hanon-exercise-n-1-in-bb/	https://www.hanon-online.com/app/download/2942460911/Exercise+N%C2%B01+in+Bb.pdf?t=1533426178	corpus/source-pdfs/hanon-exercise-01-bb.pdf	1756334
Exercise N1 in C	https://www.hanon-online.com/the-virtuoso-pianist-part-i/hanon-exercise-n-1/	https://www.hanon-online.com/app/download/2936455111/Exercise+N%C2%B01+in+C.pdf?t=1533673973	corpus/source-pdfs/hanon-exercise-01-c.pdf	1740113
Exercise N1 in D	https://www.hanon-online.com/the-virtuoso-pianist-part-i/hanon-exercise-n-1/hanon-exercise-n-1-in-d/	https://www.hanon-online.com/app/download/2942442611/Exercise+N%C2%B01+in+D.pdf?t=1533425707	corpus/source-pdfs/hanon-exercise-01-d.pdf	1751928
Exercise N1 in Db	https://www.hanon-online.com/the-virtuoso-pianist-part-i/hanon-exercise-n-1/hanon-exercise-n-1-in-db/	https://www.hanon-online.com/app/download/2942441811/Exercise+N%C2%B01+in+Db.pdf?t=1533425668	corpus/source-pdfs/hanon-exercise-01-db.pdf	1761420
Exercise N1 in E	https://www.hanon-online.com/the-virtuoso-pianist-part-i/hanon-exercise-n-1/hanon-exercise-n-1-in-e/	https://www.hanon-online.com/app/download/2942443511/Exercise+N%C2%B01+in+E.pdf?t=1533425872	corpus/source-pdfs/hanon-exercise-01-e.pdf	1781511
Exercise N1 in Eb	https://www.hanon-online.com/the-virtuoso-pianist-part-i/hanon-exercise-n-1/hanon-exercise-n-1-in-eb/	https://www.hanon-online.com/app/download/2942442811/Exercise+N%C2%B01+in+Eb.pdf?t=1533425832	corpus/source-pdfs/hanon-exercise-01-eb.pdf	1762963
Exercise N1 in F	https://www.hanon-online.com/the-virtuoso-pianist-part-i/hanon-exercise-n-1/hanon-exercise-n-1-in-f/	https://www.hanon-online.com/app/download/2942444911/Exercise+N%C2%B01+in+F.pdf?t=1533425904	corpus/source-pdfs/hanon-exercise-01-f.pdf	1746450
Exercise N1 in G	https://www.hanon-online.com/the-virtuoso-pianist-part-i/hanon-exercise-n-1/hanon-exercise-n-1-in-g/	https://www.hanon-online.com/app/download/2942446211/Exercise+N%C2%B01+in+G.pdf?t=1533426025	corpus/source-pdfs/hanon-exercise-01-g.pdf	1768297
Exercise N1 in Gb	https://www.hanon-online.com/the-virtuoso-pianist-part-i/hanon-exercise-n-1/hanon-exercise-n-1-in-gb/	https://www.hanon-online.com/app/download/2942445711/Exercise+N%C2%B01+in+Gb.pdf?t=1533425982	corpus/source-pdfs/hanon-exercise-01-gb.pdf	1773620
Exercise N2 in A	https://www.hanon-online.com/the-virtuoso-pianist-part-i/hanon-exercise-n-2/hanon-exercise-n-2-in-a/	https://www.hanon-online.com/app/download/2942466011/Exercise+N%C2%B02+in+A.pdf?t=1533426685	corpus/source-pdfs/hanon-exercise-02-a.pdf	1635227
Exercise N2 in Ab	https://www.hanon-online.com/the-virtuoso-pianist-part-i/hanon-exercise-n-2/hanon-exercise-n-2-in-ab/	https://www.hanon-online.com/app/download/2942465611/Exercise+N%C2%B02+in+Ab.pdf?t=1533426648	corpus/source-pdfs/hanon-exercise-02-ab.pdf	1648656
Exercise N2 in B	https://www.hanon-online.com/the-virtuoso-pianist-part-i/hanon-exercise-n-2/hanon-exercise-n-2-in-b/	https://www.hanon-online.com/app/download/2942466811/Exercise+N%C2%B02+in+B.pdf?t=1533448009	corpus/source-pdfs/hanon-exercise-02-b.pdf	1665482
Exercise N2 in Bb	https://www.hanon-online.com/the-virtuoso-pianist-part-i/hanon-exercise-n-2/hanon-exercise-n-2-in-bb/	https://www.hanon-online.com/app/download/2942466311/Exercise+N%C2%B02+in+Bb.pdf?t=1533426725	corpus/source-pdfs/hanon-exercise-02-bb.pdf	1628767
Exercise N2 in C	https://www.hanon-online.com/the-virtuoso-pianist-part-i/hanon-exercise-n-2/	https://www.hanon-online.com/app/download/2942462011/Exercise+N%C2%B02+in+C.pdf?t=1533610327	corpus/source-pdfs/hanon-exercise-02-c.pdf	1609858
Exercise N2 in D	https://www.hanon-online.com/the-virtuoso-pianist-part-i/hanon-exercise-n-2/hanon-exercise-n-2-in-d/	https://www.hanon-online.com/app/download/2942463211/Exercise+N%C2%B02+in+D.pdf?t=1533426418	corpus/source-pdfs/hanon-exercise-02-d.pdf	1625252
Exercise N2 in Db	https://www.hanon-online.com/the-virtuoso-pianist-part-i/hanon-exercise-n-2/hanon-exercise-n-2-in-db/	https://www.hanon-online.com/app/download/2942462511/Exercise+N%C2%B02+in+Db.pdf?t=1533426378	corpus/source-pdfs/hanon-exercise-02-db.pdf	1644721
Exercise N2 in E	https://www.hanon-online.com/the-virtuoso-pianist-part-i/hanon-exercise-n-2/hanon-exercise-n-2-in-e/	https://www.hanon-online.com/app/download/2942464111/Exercise+N%C2%B02+in+E.pdf?t=1533426491	corpus/source-pdfs/hanon-exercise-02-e.pdf	1661112
Exercise N2 in Eb	https://www.hanon-online.com/the-virtuoso-pianist-part-i/hanon-exercise-n-2/hanon-exercise-n-2-in-eb/	https://www.hanon-online.com/app/download/2942463711/Exercise+N%C2%B02+in+Eb.pdf?t=1533426455	corpus/source-pdfs/hanon-exercise-02-eb.pdf	1642635
Exercise N2 in F	https://www.hanon-online.com/the-virtuoso-pianist-part-i/hanon-exercise-n-2/hanon-exercise-n-2-in-f/	https://www.hanon-online.com/app/download/2942464411/Exercise+N%C2%B02+in+F.pdf?t=1533426523	corpus/source-pdfs/hanon-exercise-02-f.pdf	1616556
Exercise N2 in G	https://www.hanon-online.com/the-virtuoso-pianist-part-i/hanon-exercise-n-2/hanon-exercise-n-2-in-g/	https://www.hanon-online.com/app/download/2942465311/Exercise+N%C2%B02+in+G.pdf?t=1533426605	corpus/source-pdfs/hanon-exercise-02-g.pdf	1627242
Exercise N2 in Gb	https://www.hanon-online.com/the-virtuoso-pianist-part-i/hanon-exercise-n-2/hanon-exercise-n-2-in-gb/	https://www.hanon-online.com/app/download/2942464811/Exercise+N%C2%B02+in+Gb.pdf?t=1533426559	corpus/source-pdfs/hanon-exercise-02-gb.pdf	1656242
Exercise N3 in A	https://www.hanon-online.com/the-virtuoso-pianist-part-i/hanon-exercise-n-3/hanon-exercise-n-3-in-a/	https://www.hanon-online.com/app/download/2942483411/Exercise+N%C2%B03+in+A.pdf?t=1533448351	corpus/source-pdfs/hanon-exercise-03-a.pdf	1636626
Exercise N3 in Ab	https://www.hanon-online.com/the-virtuoso-pianist-part-i/hanon-exercise-n-3/hanon-exercise-n-3-in-ab/	https://www.hanon-online.com/app/download/2942482911/Exercise+N%C2%B03+in+Ab.pdf?t=1533448315	corpus/source-pdfs/hanon-exercise-03-ab.pdf	1647991
Exercise N3 in B	https://www.hanon-online.com/the-virtuoso-pianist-part-i/hanon-exercise-n-3/hanon-exercise-n-3-in-b/	https://www.hanon-online.com/app/download/2942484611/Exercise+N%C2%B03+in+B.pdf?t=1533459547	corpus/source-pdfs/hanon-exercise-03-b.pdf	1668677
Exercise N3 in Bb	https://www.hanon-online.com/the-virtuoso-pianist-part-i/hanon-exercise-n-3/hanon-exercise-n-3-in-bb/	https://www.hanon-online.com/app/download/2942484111/Exercise+N%C2%B03+in+Bb.pdf?t=1533448385	corpus/source-pdfs/hanon-exercise-03-bb.pdf	1629673
Exercise N3 in C	https://www.hanon-online.com/the-virtuoso-pianist-part-i/hanon-exercise-n-3/	https://www.hanon-online.com/app/download/2942475611/Exercise+N%C2%B03+in+C.pdf?t=1533610599	corpus/source-pdfs/hanon-exercise-03-c.pdf	1610162
Exercise N3 in D	https://www.hanon-online.com/the-virtuoso-pianist-part-i/hanon-exercise-n-3/hanon-exercise-n-3-in-d/	https://www.hanon-online.com/app/download/2942477311/Exercise+N%C2%B03+in+D.pdf?t=1533448110	corpus/source-pdfs/hanon-exercise-03-d.pdf	1626414
Exercise N3 in Db	https://www.hanon-online.com/the-virtuoso-pianist-part-i/hanon-exercise-n-3/hanon-exercise-n-3-in-db/	https://www.hanon-online.com/app/download/2942476011/Exercise+N%C2%B03+in+Db.pdf?t=1533448079	corpus/source-pdfs/hanon-exercise-03-db.pdf	1647575
Exercise N3 in E	https://www.hanon-online.com/the-virtuoso-pianist-part-i/hanon-exercise-n-3/hanon-exercise-n-3-in-e/	https://www.hanon-online.com/app/download/2942479411/Exercise+N%C2%B03+in+E.pdf?t=1533448179	corpus/source-pdfs/hanon-exercise-03-e.pdf	1663203
Exercise N3 in Eb	https://www.hanon-online.com/the-virtuoso-pianist-part-i/hanon-exercise-n-3/hanon-exercise-n-3-in-eb/	https://www.hanon-online.com/app/download/2942478511/Exercise+N%C2%B03+in+Eb.pdf?t=1533448142	corpus/source-pdfs/hanon-exercise-03-eb.pdf	1646544
Exercise N3 in F	https://www.hanon-online.com/the-virtuoso-pianist-part-i/hanon-exercise-n-3/hanon-exercise-n-3-in-f/	https://www.hanon-online.com/app/download/2942480211/Exercise+N%C2%B03+in+F.pdf?t=1533448209	corpus/source-pdfs/hanon-exercise-03-f.pdf	1619072
Exercise N3 in G	https://www.hanon-online.com/the-virtuoso-pianist-part-i/hanon-exercise-n-3/hanon-exercise-n-3-in-g/	https://www.hanon-online.com/app/download/2942482011/Exercise+N%C2%B03+in+G.pdf?t=1533448283	corpus/source-pdfs/hanon-exercise-03-g.pdf	1629069
Exercise N3 in Gb	https://www.hanon-online.com/the-virtuoso-pianist-part-i/hanon-exercise-n-3/hanon-exercise-n-3-in-gb/	https://www.hanon-online.com/app/download/2942481011/Exercise+N%C2%B03+in+Gb.pdf?t=1533448245	corpus/source-pdfs/hanon-exercise-03-gb.pdf	1661355
Exercise N4 in A	https://www.hanon-online.com/the-virtuoso-pianist-part-i/hanon-exercise-n-4/hanon-exercise-n-4-in-a/	https://www.hanon-online.com/app/download/2942489811/Exercise+N%C2%B04+in+A.pdf?t=1533459889	corpus/source-pdfs/hanon-exercise-04-a.pdf	1680146
Exercise N4 in Ab	https://www.hanon-online.com/the-virtuoso-pianist-part-i/hanon-exercise-n-4/hanon-exercise-n-4-in-ab/	https://www.hanon-online.com/app/download/2942489011/Exercise+N%C2%B04+in+Ab.pdf?t=1533459852	corpus/source-pdfs/hanon-exercise-04-ab.pdf	1691441
Exercise N4 in B	https://www.hanon-online.com/the-virtuoso-pianist-part-i/hanon-exercise-n-4/hanon-exercise-n-4-in-b/	https://www.hanon-online.com/app/download/2942491311/Exercise+N%C2%B04+in+B.pdf?t=1533459958	corpus/source-pdfs/hanon-exercise-04-b.pdf	1702558
Exercise N4 in Bb	https://www.hanon-online.com/the-virtuoso-pianist-part-i/hanon-exercise-n-4/hanon-exercise-n-4-in-bb/	https://www.hanon-online.com/app/download/2942490311/Exercise+N%C2%B04+in+Bb.pdf?t=1533459928	corpus/source-pdfs/hanon-exercise-04-bb.pdf	1671130
Exercise N4 in C	https://www.hanon-online.com/the-virtuoso-pianist-part-i/hanon-exercise-n-4/	https://www.hanon-online.com/app/download/2942484911/Exercise+N%C2%B04+in+C.pdf?t=1533610883	corpus/source-pdfs/hanon-exercise-04-c.pdf	1654957
Exercise N4 in D	https://www.hanon-online.com/the-virtuoso-pianist-part-i/hanon-exercise-n-4/hanon-exercise-n-4-in-d/	https://www.hanon-online.com/app/download/2942485611/Exercise+N%C2%B04+in+D.pdf?t=1533459657	corpus/source-pdfs/hanon-exercise-04-d.pdf	1668888
Exercise N4 in Db	https://www.hanon-online.com/the-virtuoso-pianist-part-i/hanon-exercise-n-4/hanon-exercise-n-4-in-db/	https://www.hanon-online.com/app/download/2942485111/Exercise+N%C2%B04+in+Db.pdf?t=1533459614	corpus/source-pdfs/hanon-exercise-04-db.pdf	1684676
Exercise N4 in E	https://www.hanon-online.com/the-virtuoso-pianist-part-i/hanon-exercise-n-4/hanon-exercise-n-4-in-e/	https://www.hanon-online.com/app/download/2942486511/Exercise+N%C2%B04+in+E.pdf?t=1533459727	corpus/source-pdfs/hanon-exercise-04-e.pdf	1701335
Exercise N4 in Eb	https://www.hanon-online.com/the-virtuoso-pianist-part-i/hanon-exercise-n-4/hanon-exercise-n-4-in-eb/	https://www.hanon-online.com/app/download/2942486111/Exercise+N%C2%B04+in+Eb.pdf?t=1533459692	corpus/source-pdfs/hanon-exercise-04-eb.pdf	1687911
Exercise N4 in F	https://www.hanon-online.com/the-virtuoso-pianist-part-i/hanon-exercise-n-4/hanon-exercise-n-4-in-f/	https://www.hanon-online.com/app/download/2942486911/Exercise+N%C2%B04+in+F.pdf?t=1533459758	corpus/source-pdfs/hanon-exercise-04-f.pdf	1664137
Exercise N4 in G	https://www.hanon-online.com/the-virtuoso-pianist-part-i/hanon-exercise-n-4/hanon-exercise-n-4-in-g/	https://www.hanon-online.com/app/download/2942488411/Exercise+N%C2%B04+in+G.pdf?t=1533459822	corpus/source-pdfs/hanon-exercise-04-g.pdf	1675319
Exercise N4 in Gb	https://www.hanon-online.com/the-virtuoso-pianist-part-i/hanon-exercise-n-4/hanon-exercise-n-4-in-gb/	https://www.hanon-online.com/app/download/2942488111/Exercise+N%C2%B04+in+Gb.pdf?t=1533459789	corpus/source-pdfs/hanon-exercise-04-gb.pdf	1695256
Exercise N5 in A	https://www.hanon-online.com/the-virtuoso-pianist-part-i/hanon-exercise-n-5/hanon-exercise-n-5-in-a/	https://www.hanon-online.com/app/download/2942498711/Exercise+N%C2%B05+in+A.pdf?t=1533460281	corpus/source-pdfs/hanon-exercise-05-a.pdf	1616427
Exercise N5 in Ab	https://www.hanon-online.com/the-virtuoso-pianist-part-i/hanon-exercise-n-5/hanon-exercise-n-5-in-ab/	https://www.hanon-online.com/app/download/2942497911/Exercise+N%C2%B05+in+Ab.pdf?t=1533460247	corpus/source-pdfs/hanon-exercise-05-ab.pdf	1631075
Exercise N5 in B	https://www.hanon-online.com/the-virtuoso-pianist-part-i/hanon-exercise-n-5/hanon-exercise-n-5-in-b/	https://www.hanon-online.com/app/download/2942504311/Exercise+N%C2%B05+in+B.pdf?t=1533460343	corpus/source-pdfs/hanon-exercise-05-b.pdf	1648108
Exercise N5 in Bb	https://www.hanon-online.com/the-virtuoso-pianist-part-i/hanon-exercise-n-5/hanon-exercise-n-5-in-bb/	https://www.hanon-online.com/app/download/2942503511/Exercise+N%C2%B05+in+Bb.pdf?t=1533460310	corpus/source-pdfs/hanon-exercise-05-bb.pdf	1612114
Exercise N5 in C	https://www.hanon-online.com/the-virtuoso-pianist-part-i/hanon-exercise-n-5/	https://www.hanon-online.com/app/download/2942492011/Exercise+N%C2%B05+in+C.pdf?t=1533611053	corpus/source-pdfs/hanon-exercise-05-c.pdf	1594490
Exercise N5 in D	https://www.hanon-online.com/the-virtuoso-pianist-part-i/hanon-exercise-n-5/hanon-exercise-n-5-in-d/	https://www.hanon-online.com/app/download/2942493611/Exercise+N%C2%B05+in+D.pdf?t=1533460069	corpus/source-pdfs/hanon-exercise-05-d.pdf	1614330
Exercise N5 in Db	https://www.hanon-online.com/the-virtuoso-pianist-part-i/hanon-exercise-n-5/hanon-exercise-n-5-in-db/	https://www.hanon-online.com/app/download/2942493211/Exercise+N%C2%B05+in+Db.pdf?t=1533460035	corpus/source-pdfs/hanon-exercise-05-db.pdf	1631332
Exercise N5 in E	https://www.hanon-online.com/the-virtuoso-pianist-part-i/hanon-exercise-n-5/hanon-exercise-n-5-in-e/	https://www.hanon-online.com/app/download/2942495511/Exercise+N%C2%B05+in+E.pdf?t=1533460131	corpus/source-pdfs/hanon-exercise-05-e.pdf	1644968
Exercise N5 in Eb	https://www.hanon-online.com/the-virtuoso-pianist-part-i/hanon-exercise-n-5/hanon-exercise-n-5-in-eb/	https://www.hanon-online.com/app/download/2942494511/Exercise+N%C2%B05+in+Eb.pdf?t=1533460099	corpus/source-pdfs/hanon-exercise-05-eb.pdf	1627558
Exercise N5 in F	https://www.hanon-online.com/the-virtuoso-pianist-part-i/hanon-exercise-n-5/hanon-exercise-n-5-in-f/	https://www.hanon-online.com/app/download/2942495911/Exercise+N%C2%B05+in+F.pdf?t=1533460161	corpus/source-pdfs/hanon-exercise-05-f.pdf	1604929
Exercise N5 in G	https://www.hanon-online.com/the-virtuoso-pianist-part-i/hanon-exercise-n-5/hanon-exercise-n-5-in-g/	https://www.hanon-online.com/app/download/2942497111/Exercise+N%C2%B05+in+G.pdf?t=1533460219	corpus/source-pdfs/hanon-exercise-05-g.pdf	1606821
Exercise N5 in Gb	https://www.hanon-online.com/the-virtuoso-pianist-part-i/hanon-exercise-n-5/hanon-exercise-n-5-in-gb/	https://www.hanon-online.com/app/download/2942496511/Exercise+N%C2%B05+in+Gb.pdf?t=1533460190	corpus/source-pdfs/hanon-exercise-05-gb.pdf	1635971
Exercise N6 in Bb	https://www.hanon-online.com/the-virtuoso-pianist-part-i/hanon-exercise-n-6/hanon-exercise-n-6-in-bb/	https://www.hanon-online.com/app/download/2942525911/Exercise+N%C2%B06+in+Bb.pdf?t=1533473117	corpus/source-pdfs/hanon-exercise-06-bb.pdf	1622335
Exercise N6 in C	https://www.hanon-online.com/the-virtuoso-pianist-part-i/hanon-exercise-n-6/	https://www.hanon-online.com/app/download/2942518011/Exercise+N%C2%B06+in+C.pdf?t=1533611583	corpus/source-pdfs/hanon-exercise-06-c.pdf	1609402
Exercise N6 in D	https://www.hanon-online.com/the-virtuoso-pianist-part-i/hanon-exercise-n-6/hanon-exercise-n-6-in-d/	https://www.hanon-online.com/app/download/2942519211/Exercise+N%C2%B06+in+D.pdf?t=1533472885	corpus/source-pdfs/hanon-exercise-06-d.pdf	1621749
Exercise N6 in E	https://www.hanon-online.com/the-virtuoso-pianist-part-i/hanon-exercise-n-6/hanon-exercise-n-6-in-e/	https://www.hanon-online.com/app/download/2942520711/Exercise+N%C2%B06+in+E.pdf?t=1533472943	corpus/source-pdfs/hanon-exercise-06-e.pdf	1652646
Exercise N6 in Eb	https://www.hanon-online.com/the-virtuoso-pianist-part-i/hanon-exercise-n-6/hanon-exercise-n-6-in-eb/	https://www.hanon-online.com/app/download/2942519911/Exercise+N%C2%B06+in+Eb.pdf?t=1533472913	corpus/source-pdfs/hanon-exercise-06-eb.pdf	1637344
Exercise N6 in F	https://www.hanon-online.com/the-virtuoso-pianist-part-i/hanon-exercise-n-6/hanon-exercise-n-6-in-f/	https://www.hanon-online.com/app/download/2942521711/Exercise+N%C2%B06+in+F.pdf?t=1533472971	corpus/source-pdfs/hanon-exercise-06-f.pdf	1611261
Exercise N6 in G	https://www.hanon-online.com/the-virtuoso-pianist-part-i/hanon-exercise-n-6/hanon-exercise-n-6-in-g/	https://www.hanon-online.com/app/download/2942522911/Exercise+N%C2%B06+in+G.pdf?t=1533473029	corpus/source-pdfs/hanon-exercise-06-g.pdf	1618166
Exercise N7 in Ab	https://www.hanon-online.com/the-virtuoso-pianist-part-i/hanon-exercise-n-7/hanon-exercise-n-7-in-ab/	https://www.hanon-online.com/app/download/2942538711/Exercise+N%C2%B07+in+Ab.pdf?t=1533537558	corpus/source-pdfs/hanon-exercise-07-ab.pdf	1636799
Exercise N7 in B	https://www.hanon-online.com/the-virtuoso-pianist-part-i/hanon-exercise-n-7/hanon-exercise-n-7-in-b/	https://www.hanon-online.com/app/download/2942540211/Exercise+N%C2%B07+in+B.pdf?t=1533537661	corpus/source-pdfs/hanon-exercise-07-b.pdf	1648473
Exercise N7 in Bb	https://www.hanon-online.com/the-virtuoso-pianist-part-i/hanon-exercise-n-7/hanon-exercise-n-7-in-bb/	https://www.hanon-online.com/app/download/2942539711/Exercise+N%C2%B07+in+Bb.pdf?t=1533537621	corpus/source-pdfs/hanon-exercise-07-bb.pdf	1613640
Exercise N7 in C	https://www.hanon-online.com/the-virtuoso-pianist-part-i/hanon-exercise-n-7/	https://www.hanon-online.com/app/download/2942527911/Exercise+N%C2%B07+in+C.pdf?t=1533612144	corpus/source-pdfs/hanon-exercise-07-c.pdf	1598323
Exercise N7 in D	https://www.hanon-online.com/the-virtuoso-pianist-part-i/hanon-exercise-n-7/hanon-exercise-n-7-in-d/	https://www.hanon-online.com/app/download/2942529511/Exercise+N%C2%B07+in+D.pdf?t=1533537286	corpus/source-pdfs/hanon-exercise-07-d.pdf	1616013
Exercise N7 in Db	https://www.hanon-online.com/the-virtuoso-pianist-part-i/hanon-exercise-n-7/hanon-exercise-n-7-in-db/	https://www.hanon-online.com/app/download/2942529011/Exercise+N%C2%B07+in+Db.pdf?t=1533537243	corpus/source-pdfs/hanon-exercise-07-db.pdf	1631287
Exercise N7 in E	https://www.hanon-online.com/the-virtuoso-pianist-part-i/hanon-exercise-n-7/hanon-exercise-n-7-in-e/	https://www.hanon-online.com/app/download/2942531211/Exercise+N%C2%B07+in+E.pdf?t=1533537345	corpus/source-pdfs/hanon-exercise-07-e.pdf	1646115
Exercise N7 in F	https://www.hanon-online.com/the-virtuoso-pianist-part-i/hanon-exercise-n-7/hanon-exercise-n-7-in-f/	https://www.hanon-online.com/app/download/2942536411/Exercise+N%C2%B07+in+F.pdf?t=1533537387	corpus/source-pdfs/hanon-exercise-07-f.pdf	1607991
Exercise N7 in G	https://www.hanon-online.com/the-virtuoso-pianist-part-i/hanon-exercise-n-7/hanon-exercise-n-7-in-g/	https://www.hanon-online.com/app/download/2942538411/Exercise+N%C2%B07+in+G.pdf?t=1533537525	corpus/source-pdfs/hanon-exercise-07-g.pdf	1615881
Exercise N7 in Gb	https://www.hanon-online.com/the-virtuoso-pianist-part-i/hanon-exercise-n-7/hanon-exercise-n-7-in-gb/	https://www.hanon-online.com/app/download/2942537411/Exercise+N%C2%B07+in+Gb.pdf?t=1533537428	corpus/source-pdfs/hanon-exercise-07-gb.pdf	1642229
Exercise N8 in A	https://www.hanon-online.com/the-virtuoso-pianist-part-i/hanon-exercise-n-8/hanon-exercise-n-8-in-a/	https://www.hanon-online.com/app/download/2942592711/Exercise+N%C2%B08+in+A.pdf?t=1533543369	corpus/source-pdfs/hanon-exercise-08-a.pdf	1697064
Exercise N8 in Ab	https://www.hanon-online.com/the-virtuoso-pianist-part-i/hanon-exercise-n-8/hanon-exercise-n-8-in-ab/	https://www.hanon-online.com/app/download/2942592311/Exercise+N%C2%B08+in+Ab.pdf?t=1533541562	corpus/source-pdfs/hanon-exercise-08-ab.pdf	1710848
Exercise N8 in Bb	https://www.hanon-online.com/the-virtuoso-pianist-part-i/hanon-exercise-n-8/hanon-exercise-n-8-in-bb/	https://www.hanon-online.com/app/download/2942592911/Exercise+N%C2%B08+in+Bb.pdf?t=1533543583	corpus/source-pdfs/hanon-exercise-08-bb.pdf	1693074
Exercise N8 in D	https://www.hanon-online.com/the-virtuoso-pianist-part-i/hanon-exercise-n-8/hanon-exercise-n-8-in-d/	https://www.hanon-online.com/app/download/2942591211/Exercise+N%C2%B08+in+D.pdf?t=1533538879	corpus/source-pdfs/hanon-exercise-08-d.pdf	1687682
Exercise N8 in Db	https://www.hanon-online.com/the-virtuoso-pianist-part-i/hanon-exercise-n-8/hanon-exercise-n-8-in-db/	https://www.hanon-online.com/app/download/2942591111/Exercise+N%C2%B08+in+Db.pdf?t=1533538844	corpus/source-pdfs/hanon-exercise-08-db.pdf	1703623
Exercise N8 in E	https://www.hanon-online.com/the-virtuoso-pianist-part-i/hanon-exercise-n-8/hanon-exercise-n-8-in-e/	https://www.hanon-online.com/app/download/2942591411/Exercise+N%C2%B08+in+E.pdf?t=1533541417	corpus/source-pdfs/hanon-exercise-08-e.pdf	1716720
Exercise N8 in Eb	https://www.hanon-online.com/the-virtuoso-pianist-part-i/hanon-exercise-n-8/hanon-exercise-n-8-in-eb/	https://www.hanon-online.com/app/download/2942591311/Exercise+N%C2%B08+in+Eb.pdf?t=1533538906	corpus/source-pdfs/hanon-exercise-08-eb.pdf	1702519
Exercise N8 in F	https://www.hanon-online.com/the-virtuoso-pianist-part-i/hanon-exercise-n-8/hanon-exercise-n-8-in-f/	https://www.hanon-online.com/app/download/2942591511/Exercise+N%C2%B08+in+F.pdf?t=1533541449	corpus/source-pdfs/hanon-exercise-08-f.pdf	1679087
Exercise N8 in G	https://www.hanon-online.com/the-virtuoso-pianist-part-i/hanon-exercise-n-8/hanon-exercise-n-8-in-g/	https://www.hanon-online.com/app/download/2942592211/Exercise+N%C2%B08+in+G.pdf?t=1533541513	corpus/source-pdfs/hanon-exercise-08-g.pdf	1693216
Exercise N8 in Gb	https://www.hanon-online.com/the-virtuoso-pianist-part-i/hanon-exercise-n-8/hanon-exercise-n-8-in-gb/	https://www.hanon-online.com/app/download/2942591711/Exercise+N%C2%B08+in+Gb.pdf?t=1533541481	corpus/source-pdfs/hanon-exercise-08-gb.pdf	1710073
Exercise N9 in A	https://www.hanon-online.com/the-virtuoso-pianist-part-i/hanon-exercise-n-9/hanon-exercise-n-9-in-a/	https://www.hanon-online.com/app/download/2942596111/Exercise+N%C2%B09+in+A.pdf?t=1533555266	corpus/source-pdfs/hanon-exercise-09-a.pdf	1671811
Exercise N9 in Ab	https://www.hanon-online.com/the-virtuoso-pianist-part-i/hanon-exercise-n-9/hanon-exercise-n-9-in-ab/	https://www.hanon-online.com/app/download/2942595911/Exercise+N%C2%B09+in+Ab.pdf?t=1533555235	corpus/source-pdfs/hanon-exercise-09-ab.pdf	1685084
Exercise N9 in B	https://www.hanon-online.com/the-virtuoso-pianist-part-i/hanon-exercise-n-9/hanon-exercise-n-9-in-b/	https://www.hanon-online.com/app/download/2942596411/Exercise+N%C2%B09+in+B.pdf?t=1533555323	corpus/source-pdfs/hanon-exercise-09-b.pdf	1697899
Exercise N9 in Bb	https://www.hanon-online.com/the-virtuoso-pianist-part-i/hanon-exercise-n-9/hanon-exercise-n-9-in-bb/	https://www.hanon-online.com/app/download/2942596311/Exercise+N%C2%B09+in+Bb.pdf?t=1533555293	corpus/source-pdfs/hanon-exercise-09-bb.pdf	1667204
Exercise N9 in C	https://www.hanon-online.com/the-virtuoso-pianist-part-i/hanon-exercise-n-9/	https://www.hanon-online.com/app/download/2942593111/Exercise+N%C2%B09+in+C.pdf?t=1533625493	corpus/source-pdfs/hanon-exercise-09-c.pdf	1645298
Exercise N9 in D	https://www.hanon-online.com/the-virtuoso-pianist-part-i/hanon-exercise-n-9/hanon-exercise-n-9-in-d/	https://www.hanon-online.com/app/download/2942593711/Exercise+N%C2%B09+in+D.pdf?t=1533555068	corpus/source-pdfs/hanon-exercise-09-d.pdf	1659421
Exercise N9 in Db	https://www.hanon-online.com/the-virtuoso-pianist-part-i/hanon-exercise-n-9/hanon-exercise-n-9-in-db/	https://www.hanon-online.com/app/download/2942593411/Exercise+N%C2%B09+in+Db.pdf?t=1533555037	corpus/source-pdfs/hanon-exercise-09-db.pdf	1675920
Exercise N9 in E	https://www.hanon-online.com/the-virtuoso-pianist-part-i/hanon-exercise-n-9/hanon-exercise-n-9-in-e/	https://www.hanon-online.com/app/download/2942594911/Exercise+N%C2%B09+in+E.pdf?t=1533555123	corpus/source-pdfs/hanon-exercise-09-e.pdf	1687690
Exercise N9 in Eb	https://www.hanon-online.com/the-virtuoso-pianist-part-i/hanon-exercise-n-9/hanon-exercise-n-9-in-eb/	https://www.hanon-online.com/app/download/2942594511/Exercise+N%C2%B09+in+Eb.pdf?t=1533555097	corpus/source-pdfs/hanon-exercise-09-eb.pdf	1674247
Exercise N9 in F	https://www.hanon-online.com/the-virtuoso-pianist-part-i/hanon-exercise-n-9/hanon-exercise-n-9-in-f/	https://www.hanon-online.com/app/download/2942595011/Exercise+N%C2%B09+in+F.pdf?t=1533555151	corpus/source-pdfs/hanon-exercise-09-f.pdf	1651112
Exercise N9 in G	https://www.hanon-online.com/the-virtuoso-pianist-part-i/hanon-exercise-n-9/hanon-exercise-n-9-in-g/	https://www.hanon-online.com/app/download/2942595811/Exercise+N%C2%B09+in+G.pdf?t=1533555208	corpus/source-pdfs/hanon-exercise-09-g.pdf	1668162
Exercise N9 in Gb	https://www.hanon-online.com/the-virtuoso-pianist-part-i/hanon-exercise-n-9/hanon-exercise-n-9-in-gb/	https://www.hanon-online.com/app/download/2942595411/Exercise+N%C2%B09+in+Gb.pdf?t=1533555180	corpus/source-pdfs/hanon-exercise-09-gb.pdf	1684357
Exercise N10 in A	https://www.hanon-online.com/the-virtuoso-pianist-part-i/hanon-exercise-n-10/hanon-exercise-n-10-in-a/	https://www.hanon-online.com/app/download/2942597911/Exercise+N%C2%B010+in+A.pdf?t=1533555635	corpus/source-pdfs/hanon-exercise-10-a.pdf	1634871
Exercise N10 in Ab	https://www.hanon-online.com/the-virtuoso-pianist-part-i/hanon-exercise-n-10/hanon-exercise-n-10-in-ab/	https://www.hanon-online.com/app/download/2942597711/Exercise+N%C2%B010+in+Ab.pdf?t=1533555610	corpus/source-pdfs/hanon-exercise-10-ab.pdf	1649383
Exercise N10 in B	https://www.hanon-online.com/the-virtuoso-pianist-part-i/hanon-exercise-n-10/hanon-exercise-n-10-in-b/	https://www.hanon-online.com/app/download/2942598111/Exercise+N%C2%B010+in+B.pdf?t=1533555692	corpus/source-pdfs/hanon-exercise-10-b.pdf	1668014
Exercise N10 in Bb	https://www.hanon-online.com/the-virtuoso-pianist-part-i/hanon-exercise-n-10/hanon-exercise-n-10-in-bb/	https://www.hanon-online.com/app/download/2942598011/Exercise+N%C2%B010+in+Bb.pdf?t=1533555663	corpus/source-pdfs/hanon-exercise-10-bb.pdf	1626769
Exercise N10 in C	https://www.hanon-online.com/the-virtuoso-pianist-part-i/hanon-exercise-n-10/	https://www.hanon-online.com/app/download/2942596511/Exercise+N%C2%B010+in+C.pdf?t=1533625612	corpus/source-pdfs/hanon-exercise-10-c.pdf	1609420
Exercise N10 in D	https://www.hanon-online.com/the-virtuoso-pianist-part-i/hanon-exercise-n-10/hanon-exercise-n-10-in-d/	https://www.hanon-online.com/app/download/2942596911/Exercise+N%C2%B010+in+D.pdf?t=1533555438	corpus/source-pdfs/hanon-exercise-10-d.pdf	1624798
Exercise N10 in Db	https://www.hanon-online.com/the-virtuoso-pianist-part-i/hanon-exercise-n-10/hanon-exercise-n-10-in-db/	https://www.hanon-online.com/app/download/2942596711/Exercise+N%C2%B010+in+Db.pdf?t=1533555406	corpus/source-pdfs/hanon-exercise-10-db.pdf	1646882
Exercise N10 in E	https://www.hanon-online.com/the-virtuoso-pianist-part-i/hanon-exercise-n-10/hanon-exercise-n-10-in-e/	https://www.hanon-online.com/app/download/2942597211/Exercise+N%C2%B010+in+E.pdf?t=1533555500	corpus/source-pdfs/hanon-exercise-10-e.pdf	1661180
Exercise N10 in Eb	https://www.hanon-online.com/the-virtuoso-pianist-part-i/hanon-exercise-n-10/hanon-exercise-n-10-in-eb/	https://www.hanon-online.com/app/download/2942597011/Exercise+N%C2%B010+in+Eb.pdf?t=1533555469	corpus/source-pdfs/hanon-exercise-10-eb.pdf	1643378
Exercise N10 in F	https://www.hanon-online.com/the-virtuoso-pianist-part-i/hanon-exercise-n-10/hanon-exercise-n-10-in-f/	https://www.hanon-online.com/app/download/2942597311/Exercise+N%C2%B010+in+F.pdf?t=1533555527	corpus/source-pdfs/hanon-exercise-10-f.pdf	1618279
Exercise N10 in G	https://www.hanon-online.com/the-virtuoso-pianist-part-i/hanon-exercise-n-10/hanon-exercise-n-10-in-g/	https://www.hanon-online.com/app/download/2942597511/Exercise+N%C2%B010+in+G.pdf?t=1533555579	corpus/source-pdfs/hanon-exercise-10-g.pdf	1629106
Exercise N10 in Gb	https://www.hanon-online.com/the-virtuoso-pianist-part-i/hanon-exercise-n-10/hanon-exercise-n-10-in-gb/	https://www.hanon-online.com/app/download/2942597411/Exercise+N%C2%B010+in+Gb.pdf?t=1533555554	corpus/source-pdfs/hanon-exercise-10-gb.pdf	1659918
Exercise N11 in A	https://www.hanon-online.com/the-virtuoso-pianist-part-i/hanon-exercise-n-11/hanon-exercise-n-11-in-a/	https://www.hanon-online.com/app/download/2942737011/Exercise+N%C2%B011+in+A.pdf?t=1533626341	corpus/source-pdfs/hanon-exercise-11-a.pdf	1640542
Exercise N11 in B	https://www.hanon-online.com/the-virtuoso-pianist-part-i/hanon-exercise-n-11/hanon-exercise-n-11-in-b/	https://www.hanon-online.com/app/download/2942738111/Exercise+N%C2%B011+in+B.pdf?t=1533626397	corpus/source-pdfs/hanon-exercise-11-b.pdf	1669166
Exercise N11 in Bb	https://www.hanon-online.com/the-virtuoso-pianist-part-i/hanon-exercise-n-11/hanon-exercise-n-11-in-bb/	https://www.hanon-online.com/app/download/2942737511/Exercise+N%C2%B011+in+Bb.pdf?t=1533626370	corpus/source-pdfs/hanon-exercise-11-bb.pdf	1633222
Exercise N11 in C	https://www.hanon-online.com/the-virtuoso-pianist-part-i/hanon-exercise-n-11/	https://www.hanon-online.com/app/download/2942728311/Exercise+N%C2%B011+in+C.pdf?t=1533626062	corpus/source-pdfs/hanon-exercise-11-c.pdf	1615270
Exercise N11 in D	https://www.hanon-online.com/the-virtuoso-pianist-part-i/hanon-exercise-n-11/hanon-exercise-n-11-in-d/	https://www.hanon-online.com/app/download/2942729611/Exercise+N%C2%B011+in+D.pdf?t=1533626129	corpus/source-pdfs/hanon-exercise-11-d.pdf	1632897
Exercise N11 in Db	https://www.hanon-online.com/the-virtuoso-pianist-part-i/hanon-exercise-n-11/hanon-exercise-n-11-in-db/	https://www.hanon-online.com/app/download/2942729311/Exercise+N%C2%B011+in+Db.pdf?t=1533626090	corpus/source-pdfs/hanon-exercise-11-db.pdf	1652799
Exercise N11 in E	https://www.hanon-online.com/the-virtuoso-pianist-part-i/hanon-exercise-n-11/hanon-exercise-n-11-in-e/	https://www.hanon-online.com/app/download/2942734611/Exercise+N%C2%B011+in+E.pdf?t=1533626190	corpus/source-pdfs/hanon-exercise-11-e.pdf	1667644
Exercise N11 in Eb	https://www.hanon-online.com/the-virtuoso-pianist-part-i/hanon-exercise-n-11/hanon-exercise-n-11-in-eb/	https://www.hanon-online.com/app/download/2942734011/Exercise+N%C2%B011+in+Eb.pdf?t=1533626159	corpus/source-pdfs/hanon-exercise-11-eb.pdf	1647966
Exercise N11 in F	https://www.hanon-online.com/the-virtuoso-pianist-part-i/hanon-exercise-n-11/hanon-exercise-n-11-in-f/	https://www.hanon-online.com/app/download/2942735211/Exercise+N%C2%B011+in+F.pdf?t=1533626220	corpus/source-pdfs/hanon-exercise-11-f.pdf	1623519
Exercise N11 in G	https://www.hanon-online.com/the-virtuoso-pianist-part-i/hanon-exercise-n-11/hanon-exercise-n-11-in-g/	https://www.hanon-online.com/app/download/2942736011/Exercise+N%C2%B011+in+G.pdf?t=1533626284	corpus/source-pdfs/hanon-exercise-11-g.pdf	1633367
Exercise N11 in Gb	https://www.hanon-online.com/the-virtuoso-pianist-part-i/hanon-exercise-n-11/hanon-exercise-n-11-in-gb/	https://www.hanon-online.com/app/download/2942735711/Exercise+N%C2%B011+in+Gb.pdf?t=1533626256	corpus/source-pdfs/hanon-exercise-11-gb.pdf	1660935
Exercise N12 in A	https://www.hanon-online.com/the-virtuoso-pianist-part-i/hanon-exercise-n-12/hanon-exercise-n-12-in-a/	https://www.hanon-online.com/app/download/2942763011/Exercise+N%C2%B012+in+A.pdf?t=1533627001	corpus/source-pdfs/hanon-exercise-12-a.pdf	1640099
Exercise N12 in B	https://www.hanon-online.com/the-virtuoso-pianist-part-i/hanon-exercise-n-12/hanon-exercise-n-12-in-b/	https://www.hanon-online.com/app/download/2942764211/Exercise+N%C2%B012+in+B.pdf?t=1533627062	corpus/source-pdfs/hanon-exercise-12-b.pdf	1657983
Exercise N12 in Bb	https://www.hanon-online.com/the-virtuoso-pianist-part-i/hanon-exercise-n-12/hanon-exercise-n-12-in-bb/	https://www.hanon-online.com/app/download/2942763711/Exercise+N%C2%B012+in+Bb.pdf?t=1533627029	corpus/source-pdfs/hanon-exercise-12-bb.pdf	1630503
Exercise N12 in C	https://www.hanon-online.com/the-virtuoso-pianist-part-i/hanon-exercise-n-12/	https://www.hanon-online.com/app/download/2942753311/Exercise+N%C2%B012+in+C.pdf?t=1533633597	corpus/source-pdfs/hanon-exercise-12-c.pdf	1615258
Exercise N12 in E	https://www.hanon-online.com/the-virtuoso-pianist-part-i/hanon-exercise-n-12/hanon-exercise-n-12-in-e/	https://www.hanon-online.com/app/download/2942755911/Exercise+N%C2%B012+in+E.pdf?t=1533626847	corpus/source-pdfs/hanon-exercise-12-e.pdf	1668434
Exercise N12 in Eb	https://www.hanon-online.com/the-virtuoso-pianist-part-i/hanon-exercise-n-12/hanon-exercise-n-12-in-eb/	https://www.hanon-online.com/app/download/2942755611/Exercise+N%C2%B012+in+Eb.pdf?t=1533626818	corpus/source-pdfs/hanon-exercise-12-eb.pdf	1654799
Exercise N12 in F	https://www.hanon-online.com/the-virtuoso-pianist-part-i/hanon-exercise-n-12/hanon-exercise-n-12-in-f/	https://www.hanon-online.com/app/download/2942756211/Exercise+N%C2%B012+in+F.pdf?t=1533626880	corpus/source-pdfs/hanon-exercise-12-f.pdf	1630859
Exercise N12 in Gb	https://www.hanon-online.com/the-virtuoso-pianist-part-i/hanon-exercise-n-12/hanon-exercise-n-12-in-gb/	https://www.hanon-online.com/app/download/2942761111/Exercise+N%C2%B012+in+Gb.pdf?t=1533626908	corpus/source-pdfs/hanon-exercise-12-gb.pdf	1664125
Exercise N13 in A	https://www.hanon-online.com/the-virtuoso-pianist-part-i/hanon-exercise-n-13/hanon-exercise-n-13-in-a/	https://www.hanon-online.com/app/download/2943087211/Exercise+N%C2%B013+in+A.pdf?t=1533631598	corpus/source-pdfs/hanon-exercise-13-a.pdf	1623818
Exercise N13 in Bb	https://www.hanon-online.com/the-virtuoso-pianist-part-i/hanon-exercise-n-13/hanon-exercise-n-13-in-bb/	https://www.hanon-online.com/app/download/2943087811/Exercise+N%C2%B013+in+Bb.pdf?t=1533631625	corpus/source-pdfs/hanon-exercise-13-bb.pdf	1617096
Exercise N13 in C	https://www.hanon-online.com/the-virtuoso-pianist-part-i/hanon-exercise-n-13/	https://www.hanon-online.com/app/download/2943082211/Exercise+N%C2%B013+in+C.pdf?t=1533633806	corpus/source-pdfs/hanon-exercise-13-c.pdf	1600311
Exercise N13 in D	https://www.hanon-online.com/the-virtuoso-pianist-part-i/hanon-exercise-n-13/hanon-exercise-n-13-in-d/	https://www.hanon-online.com/app/download/2943084011/Exercise+N%C2%B013+in+D.pdf?t=1533631360	corpus/source-pdfs/hanon-exercise-13-d.pdf	1619777
Exercise N13 in Db	https://www.hanon-online.com/the-virtuoso-pianist-part-i/hanon-exercise-n-13/hanon-exercise-n-13-in-db/	https://www.hanon-online.com/app/download/2943083211/Exercise+N%C2%B013+in+Db.pdf?t=1533631331	corpus/source-pdfs/hanon-exercise-13-db.pdf	1636200
Exercise N13 in Eb	https://www.hanon-online.com/the-virtuoso-pianist-part-i/hanon-exercise-n-13/hanon-exercise-n-13-in-eb/	https://www.hanon-online.com/app/download/2943084311/Exercise+N%C2%B013+in+Eb.pdf?t=1533631391	corpus/source-pdfs/hanon-exercise-13-eb.pdf	1639091
Exercise N13 in F	https://www.hanon-online.com/the-virtuoso-pianist-part-i/hanon-exercise-n-13/hanon-exercise-n-13-in-f/	https://www.hanon-online.com/app/download/2943085111/Exercise+N%C2%B013+in+F.pdf?t=1533631449	corpus/source-pdfs/hanon-exercise-13-f.pdf	1611332
Exercise N13 in G	https://www.hanon-online.com/the-virtuoso-pianist-part-i/hanon-exercise-n-13/hanon-exercise-n-13-in-g/	https://www.hanon-online.com/app/download/2943086011/Exercise+N%C2%B013+in+G.pdf?t=1533631539	corpus/source-pdfs/hanon-exercise-13-g.pdf	1616584
Exercise N13 in Gb	https://www.hanon-online.com/the-virtuoso-pianist-part-i/hanon-exercise-n-13/hanon-exercise-n-13-in-gb/	https://www.hanon-online.com/app/download/2943085611/Exercise+N%C2%B013+in+Gb.pdf?t=1533631509	corpus/source-pdfs/hanon-exercise-13-gb.pdf	1647308
Exercise N14 in A	https://www.hanon-online.com/the-virtuoso-pianist-part-i/hanon-exercise-n-14/hanon-exercise-n-14-in-a/	https://www.hanon-online.com/app/download/2943094711/Exercise+N%C2%B014+in+A.pdf?t=1533633425	corpus/source-pdfs/hanon-exercise-14-a.pdf	1624975
Exercise N14 in Ab	https://www.hanon-online.com/the-virtuoso-pianist-part-i/hanon-exercise-n-14/hanon-exercise-n-14-in-ab/	https://www.hanon-online.com/app/download/2943093711/Exercise+N%C2%B014+in+Ab.pdf?t=1533633393	corpus/source-pdfs/hanon-exercise-14-ab.pdf	1639202
Exercise N14 in B	https://www.hanon-online.com/the-virtuoso-pianist-part-i/hanon-exercise-n-14/hanon-exercise-n-14-in-b/	https://www.hanon-online.com/app/download/2943096111/Exercise+N%C2%B014+in+B.pdf?t=1533633497	corpus/source-pdfs/hanon-exercise-14-b.pdf	1653397
Exercise N14 in Bb	https://www.hanon-online.com/the-virtuoso-pianist-part-i/hanon-exercise-n-14/hanon-exercise-n-14-in-bb/	https://www.hanon-online.com/app/download/2943095711/Exercise+N%C2%B014+in+Bb.pdf?t=1533633465	corpus/source-pdfs/hanon-exercise-14-bb.pdf	1618408
Exercise N14 in C	https://www.hanon-online.com/the-virtuoso-pianist-part-i/hanon-exercise-n-14/	https://www.hanon-online.com/app/download/2943088611/Exercise+N%C2%B014+in+C.pdf?t=1533633937	corpus/source-pdfs/hanon-exercise-14-c.pdf	1600596
Exercise N14 in D	https://www.hanon-online.com/the-virtuoso-pianist-part-i/hanon-exercise-n-14/hanon-exercise-n-14-in-d/	https://www.hanon-online.com/app/download/2943089711/Exercise+N%C2%B014+in+D.pdf?t=1533631743	corpus/source-pdfs/hanon-exercise-14-d.pdf	1618489
Exercise N14 in Db	https://www.hanon-online.com/the-virtuoso-pianist-part-i/hanon-exercise-n-14/hanon-exercise-n-14-in-db/	https://www.hanon-online.com/app/download/2943089211/Exercise+N%C2%B014+in+Db.pdf?t=1533631714	corpus/source-pdfs/hanon-exercise-14-db.pdf	1636297
Exercise N14 in E	https://www.hanon-online.com/the-virtuoso-pianist-part-i/hanon-exercise-n-14/hanon-exercise-n-14-in-e/	https://www.hanon-online.com/app/download/2943091011/Exercise+N%C2%B014+in+E.pdf?t=1533633269	corpus/source-pdfs/hanon-exercise-14-e.pdf	1651331
Exercise N14 in Eb	https://www.hanon-online.com/the-virtuoso-pianist-part-i/hanon-exercise-n-14/hanon-exercise-n-14-in-eb/	https://www.hanon-online.com/app/download/2943090711/Exercise+N%C2%B014+in+Eb.pdf?t=1533633234	corpus/source-pdfs/hanon-exercise-14-eb.pdf	1640381
Exercise N14 in F	https://www.hanon-online.com/the-virtuoso-pianist-part-i/hanon-exercise-n-14/hanon-exercise-n-14-in-f/	https://www.hanon-online.com/app/download/2943091711/Exercise+N%C2%B014+in+F.pdf?t=1533633297	corpus/source-pdfs/hanon-exercise-14-f.pdf	1610752
Exercise N14 in G	https://www.hanon-online.com/the-virtuoso-pianist-part-i/hanon-exercise-n-14/hanon-exercise-n-14-in-g/	https://www.hanon-online.com/app/download/2943093011/Exercise+N%C2%B014+in+G.pdf?t=1533633365	corpus/source-pdfs/hanon-exercise-14-g.pdf	1617362
Exercise N14 in Gb	https://www.hanon-online.com/the-virtuoso-pianist-part-i/hanon-exercise-n-14/hanon-exercise-n-14-in-gb/	https://www.hanon-online.com/app/download/2943092611/Exercise+N%C2%B014+in+Gb.pdf?t=1533633335	corpus/source-pdfs/hanon-exercise-14-gb.pdf	1645730
Exercise N15 in A	https://www.hanon-online.com/the-virtuoso-pianist-part-i/hanon-exercise-n-15/hanon-exercise-n-15-in-a/	https://www.hanon-online.com/app/download/2943213611/Exercise+N%C2%B015+in+A.pdf?t=1533667611	corpus/source-pdfs/hanon-exercise-15-a.pdf	1639007
Exercise N15 in Ab	https://www.hanon-online.com/the-virtuoso-pianist-part-i/hanon-exercise-n-15/hanon-exercise-n-15-in-ab/	https://www.hanon-online.com/app/download/2943213511/Exercise+N%C2%B015+in+Ab.pdf?t=1533667585	corpus/source-pdfs/hanon-exercise-15-ab.pdf	1653507
Exercise N15 in B	https://www.hanon-online.com/the-virtuoso-pianist-part-i/hanon-exercise-n-15/hanon-exercise-n-15-in-b/	https://www.hanon-online.com/app/download/2943213911/Exercise+N%C2%B015+in+B.pdf?t=1533667679	corpus/source-pdfs/hanon-exercise-15-b.pdf	1667930
Exercise N15 in Bb	https://www.hanon-online.com/the-virtuoso-pianist-part-i/hanon-exercise-n-15/hanon-exercise-n-15-in-bb/	https://www.hanon-online.com/app/download/2943213711/Exercise+N%C2%B015+in+Bb.pdf?t=1533667649	corpus/source-pdfs/hanon-exercise-15-bb.pdf	1634423
Exercise N15 in C	https://www.hanon-online.com/the-virtuoso-pianist-part-i/hanon-exercise-n-15/	https://www.hanon-online.com/app/download/2943209011/Exercise+N%C2%B015+in+C.pdf?t=1533667309	corpus/source-pdfs/hanon-exercise-15-c.pdf	1615216
Exercise N15 in D	https://www.hanon-online.com/the-virtuoso-pianist-part-i/hanon-exercise-n-15/hanon-exercise-n-15-in-d/	https://www.hanon-online.com/app/download/2943209411/Exercise+N%C2%B015+in+D.pdf?t=1533667398	corpus/source-pdfs/hanon-exercise-15-d.pdf	1634457
Exercise N15 in Db	https://www.hanon-online.com/the-virtuoso-pianist-part-i/hanon-exercise-n-15/hanon-exercise-n-15-in-db/	https://www.hanon-online.com/app/download/2943209311/Exercise+N%C2%B015+in+Db.pdf?t=1533667371	corpus/source-pdfs/hanon-exercise-15-db.pdf	1649274
Exercise N15 in E	https://www.hanon-online.com/the-virtuoso-pianist-part-i/hanon-exercise-n-15/hanon-exercise-n-15-in-e/	https://www.hanon-online.com/app/download/2943212911/Exercise+N%C2%B015+in+E.pdf?t=1533667459	corpus/source-pdfs/hanon-exercise-15-e.pdf	1663823
Exercise N15 in Eb	https://www.hanon-online.com/the-virtuoso-pianist-part-i/hanon-exercise-n-15/hanon-exercise-n-15-in-eb/	https://www.hanon-online.com/app/download/2943209511/Exercise+N%C2%B015+in+Eb.pdf?t=1533667429	corpus/source-pdfs/hanon-exercise-15-eb.pdf	1647722
Exercise N15 in F	https://www.hanon-online.com/the-virtuoso-pianist-part-i/hanon-exercise-n-15/hanon-exercise-n-15-in-f/	https://www.hanon-online.com/app/download/2943213011/Exercise+N%C2%B015+in+F.pdf?t=1533667493	corpus/source-pdfs/hanon-exercise-15-f.pdf	1623629
Exercise N15 in G	https://www.hanon-online.com/the-virtuoso-pianist-part-i/hanon-exercise-n-15/hanon-exercise-n-15-in-g/	https://www.hanon-online.com/app/download/2943213411/Exercise+N%C2%B015+in+G.pdf?t=1533667556	corpus/source-pdfs/hanon-exercise-15-g.pdf	1634093
Exercise N15 in Gb	https://www.hanon-online.com/the-virtuoso-pianist-part-i/hanon-exercise-n-15/hanon-exercise-n-15-in-gb/	https://www.hanon-online.com/app/download/2943213111/Exercise+N%C2%B015+in+Gb.pdf?t=1533667526	corpus/source-pdfs/hanon-exercise-15-gb.pdf	1655255
Exercise N16 in A	https://www.hanon-online.com/the-virtuoso-pianist-part-i/hanon-exercise-n-16/hanon-exercise-n-16-in-a/	https://www.hanon-online.com/app/download/2943215411/Exercise+N%C2%B016+in+A.pdf?t=1533668004	corpus/source-pdfs/hanon-exercise-16-a.pdf	1649700
Exercise N16 in Ab	https://www.hanon-online.com/the-virtuoso-pianist-part-i/hanon-exercise-n-16/hanon-exercise-n-16-in-ab/	https://www.hanon-online.com/app/download/2943215311/Exercise+N%C2%B016+in+Ab.pdf?t=1533667971	corpus/source-pdfs/hanon-exercise-16-ab.pdf	1663094
Exercise N16 in B	https://www.hanon-online.com/the-virtuoso-pianist-part-i/hanon-exercise-n-16/hanon-exercise-n-16-in-b/	https://www.hanon-online.com/app/download/2943215611/Exercise+N%C2%B016+in+B.pdf?t=1533668063	corpus/source-pdfs/hanon-exercise-16-b.pdf	1676718
Exercise N16 in Bb	https://www.hanon-online.com/the-virtuoso-pianist-part-i/hanon-exercise-n-16/hanon-exercise-n-16-in-bb/	https://www.hanon-online.com/app/download/2943215511/Exercise+N%C2%B016+in+Bb.pdf?t=1533668033	corpus/source-pdfs/hanon-exercise-16-bb.pdf	1640428
Exercise N16 in C	https://www.hanon-online.com/the-virtuoso-pianist-part-i/hanon-exercise-n-16/	https://www.hanon-online.com/app/download/2943214111/Exercise+N%C2%B016+in+C.pdf?t=1533667723	corpus/source-pdfs/hanon-exercise-16-c.pdf	1625630
Exercise N16 in D	https://www.hanon-online.com/the-virtuoso-pianist-part-i/hanon-exercise-n-16/hanon-exercise-n-16-in-d/	https://www.hanon-online.com/app/download/2943214511/Exercise+N%C2%B016+in+D.pdf?t=1533667788	corpus/source-pdfs/hanon-exercise-16-d.pdf	1640362
Exercise N16 in Db	https://www.hanon-online.com/the-virtuoso-pianist-part-i/hanon-exercise-n-16/hanon-exercise-n-16-in-db/	https://www.hanon-online.com/app/download/2943214211/Exercise+N%C2%B016+in+Db.pdf?t=1533667760	corpus/source-pdfs/hanon-exercise-16-db.pdf	1656222
Exercise N16 in E	https://www.hanon-online.com/the-virtuoso-pianist-part-i/hanon-exercise-n-16/hanon-exercise-n-16-in-e/	https://www.hanon-online.com/app/download/2943214811/Exercise+N%C2%B016+in+E.pdf?t=1533667845	corpus/source-pdfs/hanon-exercise-16-e.pdf	1676326
Exercise N16 in Eb	https://www.hanon-online.com/the-virtuoso-pianist-part-i/hanon-exercise-n-16/hanon-exercise-n-16-in-eb/	https://www.hanon-online.com/app/download/2943214711/Exercise+N%C2%B016+in+Eb.pdf?t=1533667814	corpus/source-pdfs/hanon-exercise-16-eb.pdf	1659458
Exercise N16 in F	https://www.hanon-online.com/the-virtuoso-pianist-part-i/hanon-exercise-n-16/hanon-exercise-n-16-in-f/	https://www.hanon-online.com/app/download/2943214911/Exercise+N%C2%B016+in+F.pdf?t=1533667879	corpus/source-pdfs/hanon-exercise-16-f.pdf	1632024
Exercise N16 in G	https://www.hanon-online.com/the-virtuoso-pianist-part-i/hanon-exercise-n-16/hanon-exercise-n-16-in-g/	https://www.hanon-online.com/app/download/2943215111/Exercise+N%C2%B016+in+G.pdf?t=1533667943	corpus/source-pdfs/hanon-exercise-16-g.pdf	1646116
Exercise N16 in Gb	https://www.hanon-online.com/the-virtuoso-pianist-part-i/hanon-exercise-n-16/hanon-exercise-n-16-in-gb/	https://www.hanon-online.com/app/download/2943215011/Exercise+N%C2%B016+in+Gb.pdf?t=1533667916	corpus/source-pdfs/hanon-exercise-16-gb.pdf	1673237
Exercise N17 in A	https://www.hanon-online.com/the-virtuoso-pianist-part-i/hanon-exercise-n-17/hanon-exercise-n-17-in-a/	https://www.hanon-online.com/app/download/2943450211/Exercise+N%C2%B017+in+A.pdf?t=1533669658	corpus/source-pdfs/hanon-exercise-17-a.pdf	1619488
Exercise N17 in Ab	https://www.hanon-online.com/the-virtuoso-pianist-part-i/hanon-exercise-n-17/hanon-exercise-n-17-in-ab/	https://www.hanon-online.com/app/download/2943449611/Exercise+N%C2%B017+in+Ab.pdf?t=1533669628	corpus/source-pdfs/hanon-exercise-17-ab.pdf	1628486
Exercise N17 in B	https://www.hanon-online.com/the-virtuoso-pianist-part-i/hanon-exercise-n-17/hanon-exercise-n-17-in-b/	https://www.hanon-online.com/app/download/2943451211/Exercise+N%C2%B017+in+B.pdf?t=1533669720	corpus/source-pdfs/hanon-exercise-17-b.pdf	1653213
Exercise N17 in Bb	https://www.hanon-online.com/the-virtuoso-pianist-part-i/hanon-exercise-n-17/hanon-exercise-n-17-in-bb/	https://www.hanon-online.com/app/download/2943450511/Exercise+N%C2%B017+in+Bb.pdf?t=1533669692	corpus/source-pdfs/hanon-exercise-17-bb.pdf	1613168
Exercise N17 in C	https://www.hanon-online.com/the-virtuoso-pianist-part-i/hanon-exercise-n-17/	https://www.hanon-online.com/app/download/2943442511/Exercise+N%C2%B017+in+C.pdf?t=1533668109	corpus/source-pdfs/hanon-exercise-17-c.pdf	1599993
Exercise N17 in D	https://www.hanon-online.com/the-virtuoso-pianist-part-i/hanon-exercise-n-17/hanon-exercise-n-17-in-d/	https://www.hanon-online.com/app/download/2943446911/Exercise+N%C2%B017+in+D.pdf?t=1533669453	corpus/source-pdfs/hanon-exercise-17-d.pdf	1614057
Exercise N17 in Db	https://www.hanon-online.com/the-virtuoso-pianist-part-i/hanon-exercise-n-17/hanon-exercise-n-17-in-db/	https://www.hanon-online.com/app/download/2943443211/Exercise+N%C2%B017+in+Db.pdf?t=1533669422	corpus/source-pdfs/hanon-exercise-17-db.pdf	1634158
Exercise N17 in E	https://www.hanon-online.com/the-virtuoso-pianist-part-i/hanon-exercise-n-17/hanon-exercise-n-17-in-e/	https://www.hanon-online.com/app/download/2943447911/Exercise+N%C2%B017+in+E.pdf?t=1533669515	corpus/source-pdfs/hanon-exercise-17-e.pdf	1646288
Exercise N17 in Eb	https://www.hanon-online.com/the-virtuoso-pianist-part-i/hanon-exercise-n-17/hanon-exercise-n-17-in-eb/	https://www.hanon-online.com/app/download/2943447711/Exercise+N%C2%B017+in+Eb.pdf?t=1533669484	corpus/source-pdfs/hanon-exercise-17-eb.pdf	1631109
Exercise N17 in F	https://www.hanon-online.com/the-virtuoso-pianist-part-i/hanon-exercise-n-17/hanon-exercise-n-17-in-f/	https://www.hanon-online.com/app/download/2943448211/Exercise+N%C2%B017+in+F.pdf?t=1533669542	corpus/source-pdfs/hanon-exercise-17-f.pdf	1602569
Exercise N17 in G	https://www.hanon-online.com/the-virtuoso-pianist-part-i/hanon-exercise-n-17/hanon-exercise-n-17-in-g/	https://www.hanon-online.com/app/download/2943448911/Exercise+N%C2%B017+in+G.pdf?t=1533669600	corpus/source-pdfs/hanon-exercise-17-g.pdf	1608110
Exercise N18 in A	https://www.hanon-online.com/the-virtuoso-pianist-part-i/hanon-exercise-n-18/hanon-exercise-n-18-in-a/	https://www.hanon-online.com/app/download/2943469111/Exercise+N%C2%B018+in+A.pdf?t=1533670027	corpus/source-pdfs/hanon-exercise-18-a.pdf	1638195
Exercise N18 in Ab	https://www.hanon-online.com/the-virtuoso-pianist-part-i/hanon-exercise-n-18/hanon-exercise-n-18-in-ab/	https://www.hanon-online.com/app/download/2943468011/Exercise+N%C2%B018+in+Ab.pdf?t=1533669995	corpus/source-pdfs/hanon-exercise-18-ab.pdf	1655343
Exercise N18 in B	https://www.hanon-online.com/the-virtuoso-pianist-part-i/hanon-exercise-n-18/hanon-exercise-n-18-in-b/	https://www.hanon-online.com/app/download/2943470211/Exercise+N%C2%B018+in+B.pdf?t=1533670086	corpus/source-pdfs/hanon-exercise-18-b.pdf	1664472
Exercise N18 in Bb	https://www.hanon-online.com/the-virtuoso-pianist-part-i/hanon-exercise-n-18/hanon-exercise-n-18-in-bb/	https://www.hanon-online.com/app/download/2943469711/Exercise+N%C2%B018+in+Bb.pdf?t=1533670054	corpus/source-pdfs/hanon-exercise-18-bb.pdf	1630908
Exercise N18 in C	https://www.hanon-online.com/the-virtuoso-pianist-part-i/hanon-exercise-n-18/	https://www.hanon-online.com/app/download/2943455711/Exercise+N%C2%B018+in+C.pdf?t=1533669752	corpus/source-pdfs/hanon-exercise-18-c.pdf	1613061
Exercise N18 in D	https://www.hanon-online.com/the-virtuoso-pianist-part-i/hanon-exercise-n-18/hanon-exercise-n-18-in-d/	https://www.hanon-online.com/app/download/2943461711/Exercise+N%C2%B018+in+D.pdf?t=1533669811	corpus/source-pdfs/hanon-exercise-18-d.pdf	1632755
Exercise N18 in Db	https://www.hanon-online.com/the-virtuoso-pianist-part-i/hanon-exercise-n-18/hanon-exercise-n-18-in-db/	https://www.hanon-online.com/app/download/2943461011/Exercise+N%C2%B018+in+Db.pdf?t=1533669782	corpus/source-pdfs/hanon-exercise-18-db.pdf	1646326
Exercise N18 in E	https://www.hanon-online.com/the-virtuoso-pianist-part-i/hanon-exercise-n-18/hanon-exercise-n-18-in-e/	https://www.hanon-online.com/app/download/2943462511/Exercise+N%C2%B018+in+E.pdf?t=1533669868	corpus/source-pdfs/hanon-exercise-18-e.pdf	1665691
Exercise N18 in F	https://www.hanon-online.com/the-virtuoso-pianist-part-i/hanon-exercise-n-18/hanon-exercise-n-18-in-f/	https://www.hanon-online.com/app/download/2943463111/Exercise+N%C2%B018+in+F.pdf?t=1533669905	corpus/source-pdfs/hanon-exercise-18-f.pdf	1625206
Exercise N18 in G	https://www.hanon-online.com/the-virtuoso-pianist-part-i/hanon-exercise-n-18/hanon-exercise-n-18-in-g/	https://www.hanon-online.com/app/download/2943466711/Exercise+N%C2%B018+in+G.pdf?t=1533669969	corpus/source-pdfs/hanon-exercise-18-g.pdf	1633260
Exercise N18 in Gb	https://www.hanon-online.com/the-virtuoso-pianist-part-i/hanon-exercise-n-18/hanon-exercise-n-18-in-gb/	https://www.hanon-online.com/app/download/2943463411/Exercise+N%C2%B018+in+Gb.pdf?t=1533669939	corpus/source-pdfs/hanon-exercise-18-gb.pdf	1658942
Exercise N19 in Ab	https://www.hanon-online.com/the-virtuoso-pianist-part-i/hanon-exercise-n-19/hanon-exercise-n-19-in-ab/	https://www.hanon-online.com/app/download/2944521411/Exercise+N%C2%B019+in+Ab.pdf?t=1533674043	corpus/source-pdfs/hanon-exercise-19-ab.pdf	1635681
Exercise N19 in B	https://www.hanon-online.com/the-virtuoso-pianist-part-i/hanon-exercise-n-19/hanon-exercise-n-19-in-b/	https://www.hanon-online.com/app/download/2944523311/Exercise+N%C2%B019+in+B.pdf?t=1533674137	corpus/source-pdfs/hanon-exercise-19-b.pdf	1653259
Exercise N19 in Bb	https://www.hanon-online.com/the-virtuoso-pianist-part-i/hanon-exercise-n-19/hanon-exercise-n-19-in-bb/	https://www.hanon-online.com/app/download/2944522611/Exercise+N%C2%B019+in+Bb.pdf?t=1533674109	corpus/source-pdfs/hanon-exercise-19-bb.pdf	1619564
Exercise N19 in C	https://www.hanon-online.com/the-virtuoso-pianist-part-i/hanon-exercise-n-19/	https://www.hanon-online.com/app/download/2944507211/Exercise+N%C2%B019+in+C.pdf?t=1533670115	corpus/source-pdfs/hanon-exercise-19-c.pdf	1601931
Exercise N19 in D	https://www.hanon-online.com/the-virtuoso-pianist-part-i/hanon-exercise-n-19/hanon-exercise-n-19-in-d/	https://www.hanon-online.com/app/download/2944511111/Exercise+N%C2%B019+in+D.pdf?t=1533673791	corpus/source-pdfs/hanon-exercise-19-d.pdf	1618058
Exercise N19 in Db	https://www.hanon-online.com/the-virtuoso-pianist-part-i/hanon-exercise-n-19/hanon-exercise-n-19-in-db/	https://www.hanon-online.com/app/download/2944510711/Exercise+N%C2%B019+in+Db.pdf?t=1533673763	corpus/source-pdfs/hanon-exercise-19-db.pdf	1634831
Exercise N19 in E	https://www.hanon-online.com/the-virtuoso-pianist-part-i/hanon-exercise-n-19/hanon-exercise-n-19-in-e/	https://www.hanon-online.com/app/download/2944512811/Exercise+N%C2%B019+in+E.pdf?t=1533673852	corpus/source-pdfs/hanon-exercise-19-e.pdf	1647516
Exercise N19 in Eb	https://www.hanon-online.com/the-virtuoso-pianist-part-i/hanon-exercise-n-19/hanon-exercise-n-19-in-eb/	https://www.hanon-online.com/app/download/2944512211/Exercise+N%C2%B019+in+Eb.pdf?t=1533673820	corpus/source-pdfs/hanon-exercise-19-eb.pdf	1634119
Exercise N19 in F	https://www.hanon-online.com/the-virtuoso-pianist-part-i/hanon-exercise-n-19/hanon-exercise-n-19-in-f/	https://www.hanon-online.com/app/download/2944513911/Exercise+N%C2%B019+in+F.pdf?t=1533673883	corpus/source-pdfs/hanon-exercise-19-f.pdf	1607353
Exercise N19 in G	https://www.hanon-online.com/the-virtuoso-pianist-part-i/hanon-exercise-n-19/hanon-exercise-n-19-in-g/	https://www.hanon-online.com/app/download/2944520211/Exercise+N%C2%B019+in+G.pdf?t=1533674010	corpus/source-pdfs/hanon-exercise-19-g.pdf	1615048
Exercise N19 in Gb	https://www.hanon-online.com/the-virtuoso-pianist-part-i/hanon-exercise-n-19/hanon-exercise-n-19-in-gb/	https://www.hanon-online.com/app/download/2944514911/Exercise+N%C2%B019+in+Gb.pdf?t=1533673910	corpus/source-pdfs/hanon-exercise-19-gb.pdf	1640934
Exercise N20 in A	https://www.hanon-online.com/the-virtuoso-pianist-part-i/hanon-exercise-n-20/hanon-exercise-n-20-in-a/	https://www.hanon-online.com/app/download/2944586311/Exercise+N%C2%B020+in+A.pdf?t=1533674732	corpus/source-pdfs/hanon-exercise-20-a.pdf	1764814
Exercise N20 in Ab	https://www.hanon-online.com/the-virtuoso-pianist-part-i/hanon-exercise-n-20/hanon-exercise-n-20-in-ab/	https://www.hanon-online.com/app/download/2944585911/Exercise+N%C2%B020+in+Ab.pdf?t=1533674704	corpus/source-pdfs/hanon-exercise-20-ab.pdf	1782444
Exercise N20 in B	https://www.hanon-online.com/the-virtuoso-pianist-part-i/hanon-exercise-n-20/hanon-exercise-n-20-in-b/	https://www.hanon-online.com/app/download/2944591111/Exercise+N%C2%B020+in+B.pdf?t=1533674776	corpus/source-pdfs/hanon-exercise-20-b.pdf	1792245
Exercise N20 in Bb	https://www.hanon-online.com/the-virtuoso-pianist-part-i/hanon-exercise-n-20/hanon-exercise-n-20-in-bb/	https://www.hanon-online.com/app/download/2944587111/Exercise+N%C2%B020+in+Bb.pdf?t=1533674760	corpus/source-pdfs/hanon-exercise-20-bb.pdf	1761725
Exercise N20 in C	https://www.hanon-online.com/the-virtuoso-pianist-part-i/hanon-exercise-n-20/	https://www.hanon-online.com/app/download/2944577811/Exercise+N%C2%B020+in+C.pdf?t=1533674166	corpus/source-pdfs/hanon-exercise-20-c.pdf	1747681
Exercise N20 in D	https://www.hanon-online.com/the-virtuoso-pianist-part-i/hanon-exercise-n-20/hanon-exercise-n-20-in-d/	https://www.hanon-online.com/app/download/2944579711/Exercise+N%C2%B020+in+D.pdf?t=1533674536	corpus/source-pdfs/hanon-exercise-20-d.pdf	1763856
Exercise N20 in Db	https://www.hanon-online.com/the-virtuoso-pianist-part-i/hanon-exercise-n-20/hanon-exercise-n-20-in-db/	https://www.hanon-online.com/app/download/2944579111/Exercise+N%C2%B020+in+Db.pdf?t=1533674505	corpus/source-pdfs/hanon-exercise-20-db.pdf	1777730
Exercise N20 in E	https://www.hanon-online.com/the-virtuoso-pianist-part-i/hanon-exercise-n-20/hanon-exercise-n-20-in-e/	https://www.hanon-online.com/app/download/2944583111/Exercise+N%C2%B020+in+E.pdf?t=1533674596	corpus/source-pdfs/hanon-exercise-20-e.pdf	1797350
Exercise N20 in Eb	https://www.hanon-online.com/the-virtuoso-pianist-part-i/hanon-exercise-n-20/hanon-exercise-n-20-in-eb/	https://www.hanon-online.com/app/download/2944580811/Exercise+N%C2%B020+in+Eb.pdf?t=1533674566	corpus/source-pdfs/hanon-exercise-20-eb.pdf	1783790
Exercise N20 in F	https://www.hanon-online.com/the-virtuoso-pianist-part-i/hanon-exercise-n-20/hanon-exercise-n-20-in-f/	https://www.hanon-online.com/app/download/2944583611/Exercise+N%C2%B020+in+F.pdf?t=1533674624	corpus/source-pdfs/hanon-exercise-20-f.pdf	1775044
Exercise N20 in G	https://www.hanon-online.com/the-virtuoso-pianist-part-i/hanon-exercise-n-20/hanon-exercise-n-20-in-g/	https://www.hanon-online.com/app/download/2944585011/Exercise+N%C2%B020+in+G.pdf?t=1533674679	corpus/source-pdfs/hanon-exercise-20-g.pdf	1760450
Exercise N20 in Gb	https://www.hanon-online.com/the-virtuoso-pianist-part-i/hanon-exercise-n-20/hanon-exercise-n-20-in-gb/	https://www.hanon-online.com/app/download/2944584311/Exercise+N%C2%B020+in+Gb.pdf?t=1533674651	corpus/source-pdfs/hanon-exercise-20-gb.pdf	1806593
